Date,Symbol,amountNet,interestPaid,dividendRecd,premiumNet,currentShares,basisShares,basisPerShare,marketPrice,sharesBought,sharesSold,txPrice
2023-04-03,FRBK,$-382.49," "," "," ",230.0,$-382.49,$-1.66,"=stockhistory(B2,A2,,0,0,1)",230.0," ",$-1.66
2023-04-19,FRBK,$290.82,$-2.05," "," "," ",$-93.72,,"=stockhistory(B3,A3,,0,0,1)"," ",230.0,$-1.26
2023-05-01,FRBK," ",$-0.38," "," "," ",$-94.10,,"=stockhistory(B4,A4,,0,0,1)"," "," "," "
2023-06-01,FRBK," ",$-0.98," "," "," ",$-95.08,,"=stockhistory(B5,A5,,0,0,1)"," "," "," "
2023-07-01,FRBK," ",$-0.96," "," "," ",$-96.04,,"=stockhistory(B6,A6,,0,0,1)"," "," "," "
2023-08-01,FRBK," ",$-1.00," "," "," ",$-97.03,,"=stockhistory(B7,A7,,0,0,1)"," "," "," "
2023-09-01,FRBK," ",$-1.01," "," "," ",$-98.04,,"=stockhistory(B8,A8,,0,0,1)"," "," "," "
2023-10-01,FRBK," ",$-0.99," "," "," ",$-99.03,,"=stockhistory(B9,A9,,0,0,1)"," "," "," "
2023-11-01,FRBK," ",$-1.03," "," "," ",$-100.06,,"=stockhistory(B10,A10,,0,0,1)"," "," "," "
2023-12-01,FRBK," ",$-1.01," "," "," ",$-101.07,,"=stockhistory(B11,A11,,0,0,1)"," "," "," "
2024-01-01,FRBK," ",$-1.05," "," "," ",$-102.12,,"=stockhistory(B12,A12,,0,0,1)"," "," "," "
2024-02-01,FRBK," ",$-1.06," "," "," ",$-103.18,,"=stockhistory(B13,A13,,0,0,1)"," "," "," "
2024-03-01,FRBK," ",$-1.00," "," "," ",$-104.18,,"=stockhistory(B14,A14,,0,0,1)"," "," "," "
2024-04-01,FRBK," ",$-1.08," "," "," ",$-105.27,,"=stockhistory(B15,A15,,0,0,1)"," "," "," "
2024-05-01,FRBK," ",$-1.06," "," "," ",$-106.32,,"=stockhistory(B16,A16,,0,0,1)"," "," "," "
2024-06-01,FRBK," ",$-1.11," "," "," ",$-107.43,,"=stockhistory(B17,A17,,0,0,1)"," "," "," "
2024-07-01,FRBK," ",$-1.08," "," "," ",$-108.51,,"=stockhistory(B18,A18,,0,0,1)"," "," "," "
2024-08-01,FRBK," ",$-1.13," "," "," ",$-109.64,,"=stockhistory(B19,A19,,0,0,1)"," "," "," "
2024-09-01,FRBK," ",$-1.14," "," "," ",$-110.78,,"=stockhistory(B20,A20,,0,0,1)"," "," "," "
2024-10-01,FRBK," ",$-1.11," "," "," ",$-111.89,,"=stockhistory(B21,A21,,0,0,1)"," "," "," "
2024-11-01,FRBK," ",$-1.16," "," "," ",$-113.06,,"=stockhistory(B22,A22,,0,0,1)"," "," "," "
2024-12-01,FRBK," ",$-1.14," "," "," ",$-114.20,,"=stockhistory(B23,A23,,0,0,1)"," "," "," "
2025-01-01,FRBK," ",$-1.19," "," "," ",$-115.38,,"=stockhistory(B24,A24,,0,0,1)"," "," "," "
2025-02-01,FRBK," ",$-1.20," "," "," ",$-116.58,,"=stockhistory(B25,A25,,0,0,1)"," "," "," "
2025-03-01,FRBK," ",$-1.09," "," "," ",$-117.68,,"=stockhistory(B26,A26,,0,0,1)"," "," "," "
2025-04-01,FRBK," ",$-1.22," "," "," ",$-118.90,,"=stockhistory(B27,A27,,0,0,1)"," "," "," "
2025-04-08,FRBK," ",$-0.28," "," "," ",$-119.18,,"=stockhistory(B28,A28,,0,0,1)"," "," "," "
2025-05-01,FRBK," ",$-0.92," "," "," ",$-120.10,,"=stockhistory(B29,A29,,0,0,1)"," "," "," "
2025-06-01,FRBK," ",$-1.25," "," "," ",$-121.35,,"=stockhistory(B30,A30,,0,0,1)"," "," "," "
2025-07-01,FRBK," ",$-1.22," "," "," ",$-122.57,,"=stockhistory(B31,A31,,0,0,1)"," "," "," "
2025-08-01,FRBK," ",$-1.27," "," "," ",$-123.84,,"=stockhistory(B32,A32,,0,0,1)"," "," "," "
2025-09-01,FRBK," ",$-1.29," "," "," ",$-125.13,,"=stockhistory(B33,A33,,0,0,1)"," "," "," "
2025-10-01,FRBK," ",$-1.26," "," "," ",$-126.39,,"=stockhistory(B34,A34,,0,0,1)"," "," "," "
2025-11-01,FRBK," ",$-1.31," "," "," ",$-127.70,,"=stockhistory(B35,A35,,0,0,1)"," "," "," "
2025-12-01,FRBK," ",$-1.29," "," "," ",$-128.99,,"=stockhistory(B36,A36,,0,0,1)"," "," "," "
2026-01-01,FRBK," ",$-1.34," "," "," ",$-130.33,,"=stockhistory(B37,A37,,0,0,1)"," "," "," "
2026-02-01,FRBK," ",$-1.36," "," "," ",$-131.69,,"=stockhistory(B38,A38,,0,0,1)"," "," "," "
2026-03-01,FRBK," ",$-1.24," "," "," ",$-132.92,,"=stockhistory(B39,A39,,0,0,1)"," "," "," "
2026-04-01,FRBK," ",$-1.38," "," "," ",$-134.31,,"=stockhistory(B40,A40,,0,0,1)"," "," "," "
2026-04-08,FRBK," ",$-0.32," "," "," ",$-134.62,,"=stockhistory(B41,A41,,0,0,1)"," "," "," "
Date,Symbol,amountNet,interestPaid,dividendRecd,premiumNet,currentShares,basisShares,basisPerShare,marketPrice,sharesBought,sharesSold,txPrice
-,-,-,-,-,-,-,-,-,-
Date,Symbol,deltaShares,netShares,deltaBasis,netBasis,deltaInterest,netInterest,deltaDividend,netDividend,deltaPremium,netPremium
2023-05-01,FRBK," "," ",$-94.10,$-94.10,$-2.43,$-2.43," "," "," "," ",,"=stockhistory(B42,A42,,0,0,1)"," "," "," "
2023-06-01,FRBK," "," ",$-0.98,$-95.08,$-0.98,$-3.41," "," "," "," ",,"=stockhistory(B43,A43,,0,0,1)"," "," "," "
2023-07-01,FRBK," "," ",$-0.96,$-96.04,$-0.96,$-4.37," "," "," "," ",,"=stockhistory(B44,A44,,0,0,1)"," "," "," "
2023-08-01,FRBK," "," ",$-1.00,$-97.03,$-1.00,$-5.36," "," "," "," ",,"=stockhistory(B45,A45,,0,0,1)"," "," "," "
2023-09-01,FRBK," "," ",$-1.01,$-98.04,$-1.01,$-6.37," "," "," "," ",,"=stockhistory(B46,A46,,0,0,1)"," "," "," "
2023-10-01,FRBK," "," ",$-0.99,$-99.03,$-0.99,$-7.36," "," "," "," ",,"=stockhistory(B47,A47,,0,0,1)"," "," "," "
2023-11-01,FRBK," "," ",$-1.03,$-100.06,$-1.03,$-8.39," "," "," "," ",,"=stockhistory(B48,A48,,0,0,1)"," "," "," "
2023-12-01,FRBK," "," ",$-1.01,$-101.07,$-1.01,$-9.40," "," "," "," ",,"=stockhistory(B49,A49,,0,0,1)"," "," "," "
2024-01-01,FRBK," "," ",$-1.05,$-102.12,$-1.05,$-10.45," "," "," "," ",,"=stockhistory(B50,A50,,0,0,1)"," "," "," "
2024-02-01,FRBK," "," ",$-1.06,$-103.18,$-1.06,$-11.51," "," "," "," ",,"=stockhistory(B51,A51,,0,0,1)"," "," "," "
2024-03-01,FRBK," "," ",$-1.00,$-104.18,$-1.00,$-12.51," "," "," "," ",,"=stockhistory(B52,A52,,0,0,1)"," "," "," "
2024-04-01,FRBK," "," ",$-1.08,$-105.27,$-1.08,$-13.60," "," "," "," ",,"=stockhistory(B53,A53,,0,0,1)"," "," "," "
2024-05-01,FRBK," "," ",$-1.06,$-106.32,$-1.06,$-14.65," "," "," "," ",,"=stockhistory(B54,A54,,0,0,1)"," "," "," "
2024-06-01,FRBK," "," ",$-1.11,$-107.43,$-1.11,$-15.76," "," "," "," ",,"=stockhistory(B55,A55,,0,0,1)"," "," "," "
2024-07-01,FRBK," "," ",$-1.08,$-108.51,$-1.08,$-16.84," "," "," "," ",,"=stockhistory(B56,A56,,0,0,1)"," "," "," "
2024-08-01,FRBK," "," ",$-1.13,$-109.64,$-1.13,$-17.97," "," "," "," ",,"=stockhistory(B57,A57,,0,0,1)"," "," "," "
2024-09-01,FRBK," "," ",$-1.14,$-110.78,$-1.14,$-19.11," "," "," "," ",,"=stockhistory(B58,A58,,0,0,1)"," "," "," "
2024-10-01,FRBK," "," ",$-1.11,$-111.89,$-1.11,$-20.22," "," "," "," ",,"=stockhistory(B59,A59,,0,0,1)"," "," "," "
2024-11-01,FRBK," "," ",$-1.16,$-113.06,$-1.16,$-21.39," "," "," "," ",,"=stockhistory(B60,A60,,0,0,1)"," "," "," "
2024-12-01,FRBK," "," ",$-1.14,$-114.20,$-1.14,$-22.53," "," "," "," ",,"=stockhistory(B61,A61,,0,0,1)"," "," "," "
2025-01-01,FRBK," "," ",$-1.19,$-115.38,$-1.19,$-23.71," "," "," "," ",,"=stockhistory(B62,A62,,0,0,1)"," "," "," "
2025-02-01,FRBK," "," ",$-1.20,$-116.58,$-1.20,$-24.91," "," "," "," ",,"=stockhistory(B63,A63,,0,0,1)"," "," "," "
2025-03-01,FRBK," "," ",$-1.09,$-117.68,$-1.09,$-26.01," "," "," "," ",,"=stockhistory(B64,A64,,0,0,1)"," "," "," "
2025-04-01,FRBK," "," ",$-1.22,$-118.90,$-1.22,$-27.23," "," "," "," ",,"=stockhistory(B65,A65,,0,0,1)"," "," "," "
2025-05-01,FRBK," "," ",$-1.20,$-120.10,$-1.20,$-28.43," "," "," "," ",,"=stockhistory(B66,A66,,0,0,1)"," "," "," "
2025-06-01,FRBK," "," ",$-1.25,$-121.35,$-1.25,$-29.68," "," "," "," ",,"=stockhistory(B67,A67,,0,0,1)"," "," "," "
2025-07-01,FRBK," "," ",$-1.22,$-122.57,$-1.22,$-30.90," "," "," "," ",,"=stockhistory(B68,A68,,0,0,1)"," "," "," "
2025-08-01,FRBK," "," ",$-1.27,$-123.84,$-1.27,$-32.17," "," "," "," ",,"=stockhistory(B69,A69,,0,0,1)"," "," "," "
2025-09-01,FRBK," "," ",$-1.29,$-125.13,$-1.29,$-33.46," "," "," "," ",,"=stockhistory(B70,A70,,0,0,1)"," "," "," "
2025-10-01,FRBK," "," ",$-1.26,$-126.39,$-1.26,$-34.72," "," "," "," ",,"=stockhistory(B71,A71,,0,0,1)"," "," "," "
2025-11-01,FRBK," "," ",$-1.31,$-127.70,$-1.31,$-36.03," "," "," "," ",,"=stockhistory(B72,A72,,0,0,1)"," "," "," "
2025-12-01,FRBK," "," ",$-1.29,$-128.99,$-1.29,$-37.32," "," "," "," ",,"=stockhistory(B73,A73,,0,0,1)"," "," "," "
2026-01-01,FRBK," "," ",$-1.34,$-130.33,$-1.34,$-38.66," "," "," "," ",,"=stockhistory(B74,A74,,0,0,1)"," "," "," "
2026-02-01,FRBK," "," ",$-1.36,$-131.69,$-1.36,$-40.02," "," "," "," ",,"=stockhistory(B75,A75,,0,0,1)"," "," "," "
2026-03-01,FRBK," "," ",$-1.24,$-132.92,$-1.24,$-41.25," "," "," "," ",,"=stockhistory(B76,A76,,0,0,1)"," "," "," "
2026-04-01,FRBK," "," ",$-1.38,$-134.31,$-1.38,$-42.64," "," "," "," ",,"=stockhistory(B77,A77,,0,0,1)"," "," "," "
Date,Symbol,deltaShares,netShares,deltaBasis,netBasis,deltaInterest,netInterest,deltaDividend,netDividend,deltaPremium,netPremium
