symbol,shares,pricePosition,priceTrading,totalBasis,sharesBought,priceBought,sharesSold,priceSold,dividends,sharesDividend
"",0.0,$0.00,$0.00,$1446622.13,0.0,$0.00,0.0,$0.00,$1446622.13,0.0
02607T109,0.0,$0.00,$0.00,$712.44,1000.0,$-6.27,-1000.0,$-6.77,$212.50,0.0
123990BL6,0.0,$0.00,$0.00,$340.42,0.0,$0.00,0.0,$0.00,$340.42,0.0
15101Q108,0.0,$0.00,$0.00,$-7718.06,400.0,$-42.56,-200.0,$-46.53,$0.00,-200.0
27032D304,0.0,$0.00,$0.00,$-100.61,4.6,$-22.21,0.0,$0.00,$0.66,-4.6
351471107,0.0,$0.00,$0.00,$22.99,100.0,$-0.40,-100.0,$-0.63,$0.00,0.0
38173MAA0,0.0,$0.00,$0.00,$28.26,2000.0,$-0.99,-2000.0,$-0.99,$33.75,0.0
393221106,0.0,$0.00,$0.00,$36.66,150.0,$-12.82,-150.0,$-13.06,$0.00,0.0
649445103,0.0,$0.00,$0.00,$-11460.16,10000.0,$-4.17,-10000.0,$-3.02,$15.00,0.0
720198AG5,0.0,$0.00,$0.00,$27.01,2000.0,$-1.04,-2000.0,$-1.05,$0.00,0.0
848560108,0.0,$0.00,$0.00,$11.02,320.0,$-0.67,-320.0,$-0.70,$0.00,0.0
917286205,0.0,$0.00,$0.00,$1437.41,500.0,$-17.25,-500.0,$-20.12,$0.00,0.0
AAPL,0.0,$0.00,$0.00,$169.89,52.0,$-163.45,-52.0,$-166.72,$0.00,0.0
ABNB,0.0,$0.00,$0.00,$1.19,6.0,$-119.13,-6.0,$-119.33,$0.00,0.0
ABT,0.0,$0.00,$0.00,$102.55,10.0,$-102.60,-10.0,$-112.34,$5.10,0.0
ACLS,0.0,$0.00,$0.00,$16.72,44.0,$-126.62,-44.0,$-127.00,$0.00,0.0
ACRE,0.0,$0.00,$0.00,$0.44,266.0,$-8.63,-266.0,$-8.63,$0.00,0.0
ADC,0.0,$0.00,$0.00,$260.46,301.0,$-63.61,-301.0,$-64.39,$23.91,0.0
ADM,0.0,$0.00,$0.00,$496.91,200.0,$-59.78,-200.0,$-61.00,$0.00,0.0
ADX,0.0,$0.00,$0.00,$1.50,50.0,$-15.73,-50.0,$-15.76,$0.00,0.0
AHH,0.0,$0.00,$0.00,$237.04,250.0,$-11.28,-250.0,$-12.03,$48.75,0.0
AIRC,0.0,$0.00,$0.00,$36.86,43.0,$-35.47,-43.0,$-36.33,$0.00,0.0
AM,0.0,$0.00,$0.00,$658.48,416.0,$-10.49,-416.0,$-11.85,$93.60,0.0
AMGN,0.0,$0.00,$0.00,$-14.82,1.0,$-287.16,-1.0,$-272.97,$0.00,0.0
AMH,0.0,$0.00,$0.00,$94.83,75.0,$-31.93,-75.0,$-33.19,$0.00,0.0
ANVS,0.0,$0.00,$0.00,$834.75,1000.0,$-11.20,-1000.0,$-13.31,$0.00,0.0
AOD,0.0,$0.00,$0.00,$9.55,2680.0,$-8.40,-2680.0,$-8.04,$990.15,0.0
AOIFF,0.0,$0.00,$0.00,$-10.67,100.0,$-2.31,-100.0,$-2.20,$0.00,0.0
APA,0.0,$0.00,$0.00,$6.62,17.0,$-37.50,-17.0,$-37.64,$4.25,0.0
APAM,0.0,$0.00,$0.00,$282.35,450.0,$-38.98,-450.0,$-39.00,$274.50,0.0
APLE,0.0,$0.00,$0.00,$468.38,773.0,$-15.35,-773.0,$-15.63,$241.84,0.0
APTV,0.0,$0.00,$0.00,$-4.13,1.0,$-107.87,-1.0,$-103.74,$0.00,0.0
ARCC,0.0,$0.00,$0.00,$1027.68,1501.0,$-18.22,-1501.0,$-18.74,$240.00,0.0
ARDC,0.0,$0.00,$0.00,$146.47,100.0,$-12.72,-100.0,$-13.83,$35.25,0.0
ARDX,0.0,$0.00,$0.00,$1422.20,2000.0,$-8.76,-2000.0,$-9.52,$0.00,0.0
ARE,0.0,$0.00,$0.00,$260.49,200.0,$-119.98,-200.0,$-121.28,$0.00,0.0
ARKK,0.0,$0.00,$0.00,$10084.85,325.0,$-46.19,-575.0,$-42.75,$0.00,250.0
ARLP,0.0,$0.00,$0.00,$-33.35,333.0,$-18.60,-333.0,$-18.50,$0.00,0.0
ASC,0.0,$0.00,$0.00,$1084.75,772.0,$-13.02,-772.0,$-14.43,$0.00,0.0
ASG,0.0,$0.00,$0.00,$91.25,400.0,$-5.10,-400.0,$-5.25,$33.00,0.0
ASGI,0.0,$0.00,$0.00,$433.59,830.0,$-17.66,-830.0,$-17.26,$765.12,0.0
ATMU,0.0,$0.00,$0.00,$-817.69,1000.0,$-31.91,-1000.0,$-30.57,$0.00,0.0
AVB,0.0,$0.00,$0.00,$12.59,5.0,$-166.00,-5.0,$-168.52,$0.00,0.0
AXP,0.0,$0.00,$0.00,$13.88,3.0,$-161.50,-3.0,$-165.53,$1.80,0.0
AY,0.0,$0.00,$0.00,$1514.99,1013.0,$-19.83,-1013.0,$-18.25,$333.75,0.0
BAC,0.0,$0.00,$0.00,$9994.20,1400.0,$-34.49,-1650.0,$-34.61,$168.00,250.0
BAM,0.0,$0.00,$0.00,$50.48,50.0,$-31.98,-50.0,$-32.99,$0.00,0.0
BBDC,0.0,$0.00,$0.00,$473.79,750.0,$-8.89,-750.0,$-9.35,$130.00,0.0
BBN,0.0,$0.00,$0.00,$408.76,620.0,$-16.22,-620.0,$-16.26,$381.90,0.0
BCSF,0.0,$0.00,$0.00,$142.46,250.0,$-15.57,-250.0,$-16.14,$0.00,0.0
BDJ,0.0,$0.00,$0.00,$150.34,620.0,$-7.81,-620.0,$-7.94,$69.95,0.0
BDORY,0.0,$0.00,$0.00,$77.45,100.0,$-7.75,-100.0,$-8.52,$0.00,0.0
BIP,0.0,$0.00,$0.00,$3.02,20.0,$-34.00,-20.0,$-34.15,$0.00,0.0
BITO,0.0,$0.00,$0.00,$11.48,100.0,$-16.64,-100.0,$-16.75,$0.00,0.0
BKCC,0.0,$0.00,$0.00,$400.37,2500.0,$-3.35,-2500.0,$-3.41,$250.00,0.0
BKR,-0.0,$0.00,$0.00,$-2.34,12.7,$-35.36,-12.7,$-34.98,$2.55,0.0
BLMN,0.0,$0.00,$0.00,$478.87,500.0,$-27.55,-500.0,$-27.50,$120.00,0.0
BNL,0.0,$0.00,$0.00,$464.21,1500.0,$-16.17,-1500.0,$-16.25,$350.00,0.0
BOE,0.0,$0.00,$0.00,$12.66,500.0,$-10.12,-500.0,$-10.15,$0.00,0.0
BRKB,0.0,$0.00,$0.00,$3305.63,441.2,$-329.82,-441.2,$-336.96,$0.00,0.0
BRSP,0.0,$0.00,$0.00,$2795.48,4313.0,$-6.58,-4313.0,$-6.82,$2010.00,0.0
BRW,0.0,$0.00,$0.00,$157.83,870.0,$-7.70,-870.0,$-7.54,$298.00,0.0
BRY,0.0,$0.00,$0.00,$-31.16,34.8,$-8.54,-34.8,$-7.64,$0.00,0.0
BSM,0.0,$0.00,$0.00,$4.75,25.0,$-17.75,-25.0,$-17.94,$0.00,0.0
BTI,0.0,$0.00,$0.00,$348.70,150.0,$-35.15,-150.0,$-37.47,$0.00,0.0
BUI,0.0,$0.00,$0.00,$-234.57,1260.0,$-21.89,-1260.0,$-20.98,$904.85,0.0
BWAY,0.0,$0.00,$0.00,$94.99,200.0,$-3.53,-200.0,$-4.00,$0.00,0.0
BXMT,0.0,$0.00,$0.00,$4168.67,1250.0,$-17.88,-1250.0,$-20.92,$372.00,0.0
BXSL,0.0,$0.00,$0.00,$245.43,242.0,$-24.60,-242.0,$-25.61,$0.00,0.0
CALM,0.0,$0.00,$0.00,$5827.92,1150.0,$-49.51,-1150.0,$-51.96,$1600.26,0.0
CCAP,0.0,$0.00,$0.00,$390.10,1515.0,$-15.64,-1515.0,$-15.90,$0.00,0.0
CCI,0.0,$0.00,$0.00,$20.41,50.0,$-104.26,-50.0,$-104.67,$0.00,0.0
CEIX,0.0,$0.00,$0.00,$706.73,450.0,$-71.42,-450.0,$-72.99,$0.00,0.0
CGBD,0.0,$0.00,$0.00,$6010.49,4513.0,$-15.57,-4513.0,$-13.73,$3410.00,0.0
CIVI,-0.0,$0.00,$0.00,$-5.61,3.9,$-76.02,-3.9,$-74.58,$0.00,0.0
CLCO,0.0,$0.00,$0.00,$4.14,15.0,$-12.13,-15.0,$-12.41,$0.00,0.0
CLOI,0.0,$0.00,$0.00,$3.80,10.0,$-52.00,-10.0,$-52.13,$2.52,0.0
CLS,0.0,$0.00,$0.00,$9039.67,0.0,$0.00,-200.0,$-45.00,$0.00,200.0
CLSK,0.0,$0.00,$0.00,$246.35,500.0,$-18.31,-500.0,$-17.50,$0.00,0.0
CMA,0.0,$0.00,$0.00,$28.10,250.0,$-41.07,-250.0,$-41.19,$0.00,0.0
CMCSA,0.0,$0.00,$0.00,$435.48,104.6,$-38.64,-104.6,$-39.90,$2.90,0.0
CODI,0.0,$0.00,$0.00,$192.08,13.0,$-22.29,-13.0,$-22.50,$0.00,0.0
COLD,0.0,$0.00,$0.00,$0.10,5.0,$-27.94,-5.0,$-27.96,$0.00,0.0
COP,0.0,$0.00,$0.00,$148.45,200.0,$-121.45,-200.0,$-121.00,$0.00,0.0
COST,0.0,$0.00,$0.00,$9.96,10.0,$-497.00,-10.0,$-498.00,$0.00,0.0
COWZ,0.0,$0.00,$0.00,$32.95,100.0,$-51.17,-100.0,$-51.50,$0.00,0.0
CPT,0.0,$0.00,$0.00,$0.41,1.0,$-103.38,-1.0,$-103.79,$0.00,0.0
CRM,0.0,$0.00,$0.00,$126.08,26.0,$-207.42,-26.0,$-212.28,$0.00,0.0
CRWD,0.0,$0.00,$0.00,$308.29,5.0,$-129.44,-5.0,$-133.57,$0.00,0.0
CSCO,0.0,$0.00,$0.00,$40.12,45.0,$-51.04,-45.0,$-51.50,$19.50,0.0
CSWC,0.0,$0.00,$0.00,$3151.43,1559.0,$-20.52,-1559.0,$-22.09,$701.00,0.0
CTO,0.0,$0.00,$0.00,$228.32,750.0,$-16.62,-750.0,$-16.92,$0.00,0.0
CTRE,0.0,$0.00,$0.00,$432.74,200.0,$-19.12,-200.0,$-21.00,$56.00,0.0
CUBE,0.0,$0.00,$0.00,$-900.35,263.0,$-47.33,-263.0,$-43.43,$322.50,0.0
CVNA,0.0,$0.00,$0.00,$671.84,200.0,$-48.16,-200.0,$-47.50,$0.00,0.0
CVS,0.0,$0.00,$0.00,$2138.19,500.0,$-72.04,-500.0,$-75.47,$423.50,0.0
DAL,0.0,$0.00,$0.00,$341.61,575.0,$-44.02,-575.0,$-44.24,$0.00,0.0
DE,0.0,$0.00,$0.00,$438.06,10.0,$-373.69,-10.0,$-417.50,$0.00,0.0
DEI,0.0,$0.00,$0.00,$30.98,100.0,$-12.50,-100.0,$-12.81,$0.00,0.0
DFP,0.0,$0.00,$0.00,$218.55,500.0,$-17.86,-500.0,$-17.96,$166.13,0.0
DGRO,0.0,$0.00,$0.00,$238.92,100.0,$-50.78,-100.0,$-52.91,$25.97,0.0
DIA,0.0,$0.00,$0.00,$0.38,1.0,$-334.35,-1.0,$-334.73,$0.00,0.0
DIS,0.0,$0.00,$0.00,$96.37,25.0,$-96.00,-25.0,$-99.85,$0.00,0.0
DIVO,0.0,$0.00,$0.00,$499.58,450.0,$-35.79,-450.0,$-36.46,$199.72,0.0
DJIA,0.0,$0.00,$0.00,$44.80,150.0,$-21.56,-150.0,$-21.80,$9.33,0.0
DKNG,0.0,$0.00,$0.00,$3344.16,2100.0,$-42.18,-2100.0,$-43.23,$0.00,0.0
DLR,0.0,$0.00,$0.00,$438.45,60.0,$-90.49,-60.0,$-97.80,$0.00,0.0
DLY,0.0,$0.00,$0.00,$64.56,125.0,$-14.08,-125.0,$-14.48,$14.59,0.0
DOCN,0.0,$0.00,$0.00,$16.26,262.0,$-34.74,-262.0,$-34.80,$0.00,0.0
DOW,0.0,$0.00,$0.00,$448.13,250.0,$-52.71,-250.0,$-54.96,$140.00,0.0
DSU,0.0,$0.00,$0.00,$3615.40,2680.0,$-10.10,-2680.0,$-10.94,$1385.86,0.0
DSXWS,0.0,$0.00,$0.00,$121.21,0.0,$0.00,-417.0,$-0.29,$0.28,417.0
DVN,0.0,$0.00,$0.00,$191.40,225.0,$-52.24,-225.0,$-53.09,$0.00,0.0
DX,0.0,$0.00,$0.00,$204.89,1000.0,$-12.20,-1000.0,$-12.37,$32.50,0.0
DXJ,0.0,$0.00,$0.00,$100.42,71.0,$-82.83,-71.0,$-84.25,$0.00,0.0
ECC,0.0,$0.00,$0.00,$312.84,975.0,$-10.43,-975.0,$-10.46,$279.20,0.0
EDIV,0.0,$0.00,$0.00,$67.15,110.0,$-31.72,-110.0,$-32.33,$0.00,0.0
EFA,0.0,$0.00,$0.00,$122.98,100.0,$-72.52,-100.0,$-73.75,$0.00,0.0
EGP,0.0,$0.00,$0.00,$-2.63,1.0,$-165.23,-1.0,$-162.60,$0.00,0.0
EMR,0.0,$0.00,$0.00,$-14.85,3.1,$-96.19,-3.1,$-91.42,$0.00,0.0
ENB,0.0,$0.00,$0.00,$948.44,1175.0,$-35.07,-1175.0,$-35.22,$0.00,0.0
EOS,0.0,$0.00,$0.00,$349.21,350.0,$-16.77,-350.0,$-17.27,$172.80,0.0
EPD,0.0,$0.00,$0.00,$430.85,511.0,$-26.47,-511.0,$-26.99,$134.75,0.0
EPM,0.0,$0.00,$0.00,$3059.08,1500.0,$-7.73,-1500.0,$-9.68,$120.00,0.0
EPRT,0.0,$0.00,$0.00,$5606.12,2213.0,$-24.18,-2213.0,$-24.96,$1171.00,0.0
EQNR,0.0,$0.00,$0.00,$-1.76,3.0,$-29.25,-3.0,$-28.00,$2.00,0.0
EQT,-0.0,$0.00,$0.00,$-8.80,11.5,$-43.34,-11.5,$-42.58,$0.00,0.0
ESEA,0.0,$0.00,$0.00,$103.45,200.0,$-26.44,-200.0,$-26.58,$75.00,0.0
ESRT,0.0,$0.00,$0.00,$-195.88,363.0,$-6.33,-363.0,$-5.80,$0.00,0.0
ET,0.0,$0.00,$0.00,$1469.66,3000.0,$-12.76,-3000.0,$-13.14,$307.50,0.0
ETD,0.0,$0.00,$0.00,$1400.46,225.0,$-28.82,-225.0,$-34.86,$40.32,0.0
EURN,0.0,$0.00,$0.00,$2.78,17.1,$-17.82,-17.1,$-17.98,$0.00,0.0
EVT,0.0,$0.00,$0.00,$461.34,500.0,$-22.95,-500.0,$-23.49,$193.44,0.0
EXAS,0.0,$0.00,$0.00,$1102.91,500.0,$-61.71,-500.0,$-71.15,$0.00,0.0
EXG,0.0,$0.00,$0.00,$484.57,1020.0,$-7.92,-1020.0,$-7.96,$449.04,0.0
EXPE,0.0,$0.00,$0.00,$-1910.78,100.0,$-154.23,-100.0,$-133.52,$0.00,0.0
F,0.0,$0.00,$0.00,$620.53,1500.0,$-13.25,-1500.0,$-13.43,$330.00,0.0
FANG,0.0,$0.00,$0.00,$1192.06,152.0,$-133.52,-152.0,$-140.81,$83.00,0.0
FDUS,0.0,$0.00,$0.00,$1253.15,813.0,$-19.90,-813.0,$-19.44,$912.00,0.0
FR,0.0,$0.00,$0.00,$-0.42,2.0,$-52.01,-2.0,$-51.80,$0.00,0.0
FRBK,0.0,$0.00,$0.00,$1798.31,230.0,$-1.66,-1730.0,$-1.26,$0.00,1500.0
FRO,0.0,$0.00,$0.00,$4237.58,3075.0,$-16.41,-3075.0,$-17.74,$175.00,0.0
FRT,0.0,$0.00,$0.00,$1391.98,350.0,$-96.64,-350.0,$-100.08,$189.00,0.0
FSK,0.0,$0.00,$0.00,$982.20,540.0,$-19.00,-540.0,$-20.11,$380.00,0.0
FTAI,0.0,$0.00,$0.00,$148.56,200.0,$-56.49,-200.0,$-55.00,$0.00,0.0
GBDC,0.0,$0.00,$0.00,$897.67,500.0,$-14.77,-500.0,$-16.00,$285.00,0.0
GBX,0.0,$0.00,$0.00,$377.07,125.0,$-27.48,-125.0,$-30.50,$0.00,0.0
GDV,0.0,$0.00,$0.00,$199.46,500.0,$-21.27,-500.0,$-21.50,$82.50,0.0
GE,0.0,$0.00,$0.00,$-6015.25,215.0,$-169.90,-215.0,$-137.95,$1.20,0.0
GEV,0.0,$0.00,$0.00,$7524.88,50.0,$-129.50,-100.0,$-140.00,$0.00,50.0
GFS,0.0,$0.00,$0.00,$46.18,102.0,$-67.55,-102.0,$-68.00,$0.00,0.0
GLD,0.0,$0.00,$0.00,$387.20,275.0,$-182.95,-275.0,$-184.32,$0.00,0.0
GLNG,0.0,$0.00,$0.00,$-29.44,100.0,$-22.00,-100.0,$-21.71,$0.00,0.0
GLP,0.0,$0.00,$0.00,$401.35,295.0,$-30.92,-295.0,$-31.50,$229.88,0.0
GLPI,0.0,$0.00,$0.00,$255.73,268.0,$-48.98,-268.0,$-49.67,$72.00,0.0
GM,0.0,$0.00,$0.00,$257.43,600.0,$-39.21,-600.0,$-38.96,$0.00,0.0
GMRE,0.0,$0.00,$0.00,$1024.91,1000.0,$-9.10,-1000.0,$-10.12,$0.00,0.0
GNRC,0.0,$0.00,$0.00,$199.20,100.0,$-131.10,-100.0,$-128.00,$0.00,0.0
GOOD,0.0,$0.00,$0.00,$378.00,400.0,$-13.35,-400.0,$-12.69,$210.00,0.0
GOOG,0.0,$0.00,$0.00,$283.45,205.0,$-106.18,-205.0,$-107.57,$0.00,0.0
GOOGL,0.0,$0.00,$0.00,$55.97,20.0,$-132.70,-20.0,$-135.50,$0.00,0.0
GPMT,0.0,$0.00,$0.00,$339.70,666.0,$-4.74,-666.0,$-5.25,$0.00,0.0
GPOR,0.0,$0.00,$0.00,$11.45,2.4,$-123.79,-2.4,$-128.58,$0.00,0.0
GSL,0.0,$0.00,$0.00,$998.70,750.0,$-20.07,-750.0,$-21.20,$150.00,0.0
HDSN,0.0,$0.00,$0.00,$21.99,100.0,$-8.00,-100.0,$-8.22,$0.00,0.0
HDV,0.0,$0.00,$0.00,$5.45,50.0,$-103.66,-50.0,$-103.77,$0.00,0.0
HESM,0.0,$0.00,$0.00,$1246.19,350.0,$-28.46,-350.0,$-31.60,$146.28,0.0
HGBL,0.0,$0.00,$0.00,$-1603.98,2157.0,$-3.67,-2157.0,$-2.93,$0.00,0.0
HII,0.0,$0.00,$0.00,$11772.48,0.0,$0.00,-41.0,$-283.35,$154.98,41.0
HQH,0.0,$0.00,$0.00,$673.28,710.0,$-17.25,-710.0,$-17.35,$601.70,0.0
HR,0.0,$0.00,$0.00,$-251.30,213.0,$-17.09,-213.0,$-15.44,$62.00,0.0
HRZN,0.0,$0.00,$0.00,$455.47,2450.0,$-12.38,-2450.0,$-12.50,$165.00,0.0
HTD,0.0,$0.00,$0.00,$-210.12,750.0,$-20.05,-750.0,$-18.90,$658.26,0.0
HTGC,0.0,$0.00,$0.00,$4034.86,1000.0,$-12.50,-1000.0,$-16.11,$423.00,0.0
HZO,0.0,$0.00,$0.00,$48.97,100.0,$-27.42,-100.0,$-27.91,$0.00,0.0
ICHR,0.0,$0.00,$0.00,$-877.23,200.0,$-39.42,-200.0,$-31.72,$0.00,0.0
IGR,0.0,$0.00,$0.00,$150.14,2500.0,$-5.24,-2500.0,$-5.30,$0.00,0.0
IH,0.0,$0.00,$0.00,$4.45,222.0,$-3.17,-222.0,$-3.19,$0.00,0.0
IIPR,0.0,$0.00,$0.00,$84.92,120.0,$-74.29,-120.0,$-75.00,$0.00,0.0
IMVT,0.0,$0.00,$0.00,$496.49,500.0,$-30.23,-500.0,$-30.00,$0.00,0.0
INSW,0.0,$0.00,$0.00,$20.58,6.5,$-46.05,-6.5,$-49.20,$0.00,0.0
INVH,0.0,$0.00,$0.00,$1.26,3.0,$-30.96,-3.0,$-31.38,$0.00,0.0
IONQ,0.0,$0.00,$0.00,$3.74,15.0,$-7.00,-15.0,$-7.25,$0.00,0.0
IRT,0.0,$0.00,$0.00,$1.04,5.0,$-16.02,-5.0,$-16.23,$0.00,0.0
ITA,0.0,$0.00,$0.00,$218.57,100.0,$-110.00,-100.0,$-111.00,$0.00,0.0
IVE,0.0,$0.00,$0.00,$98.42,26.0,$-150.01,-26.0,$-153.80,$0.00,0.0
IVZ,0.0,$0.00,$0.00,$149.96,250.0,$-15.75,-250.0,$-16.35,$0.00,0.0
IWF,0.0,$0.00,$0.00,$88.87,10.0,$-274.25,-10.0,$-283.14,$0.00,0.0
IWM,0.0,$0.00,$0.00,$558.41,100.0,$-199.39,-100.0,$-201.00,$0.00,0.0
JAAA,0.0,$0.00,$0.00,$9.96,20.0,$-50.08,-20.0,$-50.31,$5.27,0.0
JBBB,0.0,$0.00,$0.00,$73.69,50.0,$-47.34,-50.0,$-48.00,$40.61,0.0
JEPI,0.0,$0.00,$0.00,$4004.71,2670.0,$-54.77,-2670.0,$-55.00,$2395.35,0.0
JNJ,0.0,$0.00,$0.00,$209.41,30.0,$-155.81,-30.0,$-161.60,$35.70,0.0
JNK,0.0,$0.00,$0.00,$5.79,122.0,$-95.00,-122.0,$-94.10,$11.71,0.0
JPC,0.0,$0.00,$0.00,$59.33,400.0,$-6.24,-400.0,$-6.30,$34.36,0.0
JPIE,0.0,$0.00,$0.00,$-13.27,20.0,$-46.25,-20.0,$-45.35,$4.74,0.0
JPM,0.0,$0.00,$0.00,$409.06,30.0,$-128.13,-30.0,$-141.10,$20.00,0.0
JPMPRM,0.0,$0.00,$0.00,$60.48,100.0,$-18.92,-100.0,$-19.00,$52.50,0.0
JXN,0.0,$0.00,$0.00,$75.60,50.0,$-36.21,-50.0,$-37.72,$0.00,0.0
KAUFX,0.0,$0.00,$0.00,$136866.41,0.0,$0.00,-29058.7,$-4.71,$0.00,29058.7
KKR,0.0,$0.00,$0.00,$157.64,88.0,$-51.21,-88.0,$-53.00,$0.00,0.0
KMI,0.0,$0.00,$0.00,$116.08,273.0,$-17.74,-273.0,$-17.84,$77.12,0.0
KO,0.0,$0.00,$0.00,$46.59,60.0,$-61.94,-60.0,$-62.71,$0.00,0.0
KR,0.0,$0.00,$0.00,$90.92,200.0,$-47.16,-200.0,$-47.25,$71.00,0.0
LADR,0.0,$0.00,$0.00,$4187.47,2100.0,$-9.90,-2100.0,$-11.33,$977.50,0.0
LAND,0.0,$0.00,$0.00,$-40.36,100.0,$-13.61,-100.0,$-13.15,$5.72,0.0
LEG,0.0,$0.00,$0.00,$6.47,100.0,$-31.27,-100.0,$-31.33,$0.00,0.0
LGGNY,0.0,$0.00,$0.00,$753.89,850.0,$-15.41,-850.0,$-15.58,$609.01,0.0
LMB,0.0,$0.00,$0.00,$6694.38,750.0,$-25.26,-750.0,$-34.19,$0.00,0.0
LMND,0.0,$0.00,$0.00,$30.99,20.0,$-12.57,-20.0,$-14.12,$0.00,0.0
LNC,0.0,$0.00,$0.00,$1872.77,1000.0,$-27.23,-1000.0,$-27.50,$360.00,0.0
LTC,0.0,$0.00,$0.00,$26.27,142.0,$-34.43,-142.0,$-34.45,$23.18,0.0
MAA,0.0,$0.00,$0.00,$-503.31,76.0,$-142.42,-76.0,$-134.42,$105.00,0.0
MDV,0.0,$0.00,$0.00,$499.30,671.0,$-12.00,-671.0,$-12.61,$90.27,0.0
META,0.0,$0.00,$0.00,$92.70,25.0,$-212.50,-25.0,$-216.21,$0.00,0.0
MFA,0.0,$0.00,$0.00,$90.72,250.0,$-9.82,-250.0,$-9.90,$70.00,0.0
MFC,0.0,$0.00,$0.00,$4180.34,1007.0,$-18.86,-1007.0,$-22.35,$557.26,0.0
MGK,0.0,$0.00,$0.00,$42.71,3.0,$-269.04,-3.0,$-283.28,$0.00,0.0
MO,0.0,$0.00,$0.00,$1596.64,2400.0,$-44.60,-2400.0,$-44.32,$1499.00,0.0
MOAT,0.0,$0.00,$0.00,$1288.63,503.0,$-77.56,-503.0,$-79.90,$145.70,0.0
MOD,0.0,$0.00,$0.00,$1101.08,200.0,$-97.27,-200.0,$-90.00,$0.00,0.0
MPC,0.0,$0.00,$0.00,$1367.29,107.7,$-117.76,-107.7,$-130.32,$15.75,0.0
MPLX,0.0,$0.00,$0.00,$757.84,400.0,$-33.61,-400.0,$-35.50,$0.00,0.0
MPW,0.0,$0.00,$0.00,$185.49,1250.0,$-8.07,-1250.0,$-8.22,$0.00,0.0
MRK,0.0,$0.00,$0.00,$351.04,200.0,$-128.27,-200.0,$-127.00,$154.00,0.0
MSFT,-0.0,$0.00,$0.00,$75.31,7.7,$-302.00,-7.7,$-311.80,$0.00,0.0
MTDR,0.0,$0.00,$0.00,$557.83,400.0,$-67.36,-400.0,$-62.50,$40.00,0.0
NAT,0.0,$0.00,$0.00,$1434.93,2000.0,$-3.68,-2000.0,$-4.32,$150.00,0.0
NEE,0.0,$0.00,$0.00,$1382.57,600.0,$-67.49,-600.0,$-68.91,$0.00,0.0
NEP,0.0,$0.00,$0.00,$109.17,350.0,$-43.11,-350.0,$-42.68,$163.62,0.0
NET,0.0,$0.00,$0.00,$280.83,61.0,$-59.96,-61.0,$-64.56,$0.00,0.0
NLCP,0.0,$0.00,$0.00,$-28.06,500.0,$-12.56,-500.0,$-12.50,$0.00,0.0
NLOP,0.0,$0.00,$0.00,$2053.31,0.0,$0.00,-159.0,$-12.79,$19.72,159.0
NLY,0.0,$0.00,$0.00,$36.45,250.0,$-19.97,-250.0,$-20.12,$0.00,0.0
NLYPRF,0.0,$0.00,$0.00,$25.96,200.0,$-24.60,-200.0,$-24.73,$0.00,0.0
NMIH,0.0,$0.00,$0.00,$49.97,100.0,$-28.50,-100.0,$-29.00,$0.00,0.0
NNN,0.0,$0.00,$0.00,$638.96,563.0,$-41.06,-563.0,$-40.24,$812.45,0.0
NOBL,0.0,$0.00,$0.00,$82.08,100.0,$-91.12,-100.0,$-91.94,$0.00,0.0
NOC,300.0,$36.32,$25.80,$10895.68,0.0,$0.00,-17.0,$-455.29,$1179.00,317.0
NPCT,0.0,$0.00,$0.00,$53.93,750.0,$-10.23,-750.0,$-10.30,$0.00,0.0
NRDBY,0.0,$0.00,$0.00,$77.79,100.0,$-10.63,-100.0,$-11.41,$0.00,0.0
NS,0.0,$0.00,$0.00,$459.97,200.0,$-15.60,-200.0,$-17.50,$80.00,0.0
NSPRB,0.0,$0.00,$0.00,$-2.15,10.0,$-23.48,-10.0,$-23.27,$0.00,0.0
NSPRC,0.0,$0.00,$0.00,$-2.91,10.0,$-25.51,-10.0,$-25.22,$0.00,0.0
NTB,0.0,$0.00,$0.00,$59.33,0.0,$0.00,0.0,$0.00,$0.00,0.0
NTES,0.0,$0.00,$0.00,$170.29,100.0,$-89.58,-100.0,$-91.28,$0.00,0.0
NTST,0.0,$0.00,$0.00,$84.07,200.0,$-17.68,-200.0,$-18.10,$0.00,0.0
NVDA,0.0,$0.00,$0.00,$1886.43,200.0,$-130.79,-200.0,$-128.00,$0.00,0.0
NVS,0.0,$0.00,$0.00,$670.01,200.0,$-103.79,-200.0,$-100.00,$633.32,0.0
NXST,0.0,$0.00,$0.00,$7.27,2.0,$-169.91,-2.0,$-173.55,$0.00,0.0
NYCB,0.0,$0.00,$0.00,$12292.79,250.0,$-9.10,-250.0,$-9.42,$0.00,0.0
NYMT,0.0,$0.00,$0.00,$8.49,50.0,$-9.98,-50.0,$-10.15,$0.00,0.0
OBDC,0.0,$0.00,$0.00,$5882.28,3013.0,$-13.62,-3013.0,$-14.83,$2233.00,0.0
OCCI,0.0,$0.00,$0.00,$-3.21,20.0,$-9.21,-20.0,$-9.05,$0.00,0.0
OCSL,0.0,$0.00,$0.00,$90.08,325.0,$-18.57,-325.0,$-18.84,$0.00,0.0
OFS,0.0,$0.00,$0.00,$835.81,1000.0,$-9.90,-1000.0,$-10.40,$330.00,0.0
OHI,0.0,$0.00,$0.00,$306.97,100.0,$-29.00,-100.0,$-31.40,$67.00,0.0
OKTA,0.0,$0.00,$0.00,$200.87,100.0,$-90.08,-100.0,$-83.00,$0.00,0.0
OOPS,0.0,$0.00,$0.00,$-36.08,0.0,$0.00,0.0,$0.00,$0.00,0.0
OP,0.0,$0.00,$0.00,$54.70,0.0,$0.00,-21.0,$-2.58,$0.50,21.0
OPRA,0.0,$0.00,$0.00,$90.99,100.0,$-9.75,-100.0,$-10.66,$0.00,0.0
ORI,0.0,$0.00,$0.00,$129.94,250.0,$-24.99,-250.0,$-25.51,$0.00,0.0
OUT,0.0,$0.00,$0.00,$68.95,166.0,$-15.67,-166.0,$-16.09,$0.00,0.0
OWL,0.0,$0.00,$0.00,$1496.77,1450.0,$-10.61,-1450.0,$-11.50,$203.00,0.0
PAA,0.0,$0.00,$0.00,$1934.35,1000.0,$-13.13,-1000.0,$-14.59,$470.80,0.0
PARR,0.0,$0.00,$0.00,$3964.28,959.3,$-31.35,-959.3,$-35.48,$0.00,0.0
PBF,0.0,$0.00,$0.00,$-19.97,7.2,$-48.20,-7.2,$-45.43,$0.00,0.0
PCAR,0.0,$0.00,$0.00,$202.17,100.0,$-105.53,-100.0,$-113.48,$0.00,0.0
PCH,0.0,$0.00,$0.00,$348.37,118.0,$-49.50,-118.0,$-52.01,$53.10,0.0
PCTY,0.0,$0.00,$0.00,$-72.72,200.0,$-170.40,-200.0,$-145.00,$0.00,0.0
PEAK,0.0,$0.00,$0.00,$16.24,200.0,$-21.07,-200.0,$-21.15,$0.00,0.0
PFE,0.0,$0.00,$0.00,$57.70,212.0,$-33.64,-212.0,$-33.00,$88.04,0.0
PFIX,0.0,$0.00,$0.00,$-14.40,3.0,$-105.25,-3.0,$-100.45,$0.00,0.0
PINE,0.0,$0.00,$0.00,$1205.44,1300.0,$-16.09,-1300.0,$-16.90,$152.63,0.0
PK,0.0,$0.00,$0.00,$87.09,400.0,$-13.78,-400.0,$-13.85,$60.00,0.0
PLD,0.0,$0.00,$0.00,$26.75,1.0,$-123.57,-1.0,$-121.67,$0.00,0.0
PM,0.0,$0.00,$0.00,$263.46,50.0,$-94.25,-50.0,$-98.25,$63.50,0.0
PR,0.0,$0.00,$0.00,$93.85,0.0,$0.00,-6.6,$-14.23,$0.00,6.6
PRU,0.0,$0.00,$0.00,$241.04,100.0,$-106.77,-100.0,$-105.00,$130.00,0.0
PSA,0.0,$0.00,$0.00,$1.96,1.0,$-307.87,-1.0,$-309.83,$0.00,0.0
PSX,-0.0,$0.00,$0.00,$670.82,147.5,$-128.78,-147.5,$-130.42,$46.20,0.0
PYPL,0.0,$0.00,$0.00,$13.27,9.0,$-73.68,-9.0,$-75.15,$0.00,0.0
QQH,0.0,$0.00,$0.00,$149.68,250.0,$-48.48,-250.0,$-50.46,$20.54,0.0
QQQ,0.0,$0.00,$0.00,$28.50,15.0,$-333.33,-15.0,$-335.23,$0.00,0.0
QTRX,0.0,$0.00,$0.00,$871.51,500.0,$-24.75,-500.0,$-25.00,$0.00,0.0
QUBT,0.0,$0.00,$0.00,$4.99,125.0,$-1.31,-125.0,$-1.35,$0.00,0.0
RAAX,0.0,$0.00,$0.00,$49.95,200.0,$-25.75,-200.0,$-26.00,$0.00,0.0
RACE,0.0,$0.00,$0.00,$542.94,20.0,$-306.08,-20.0,$-333.23,$0.00,0.0
RBLX,0.0,$0.00,$0.00,$40.59,10.0,$-42.16,-10.0,$-46.22,$0.00,0.0
REG,0.0,$0.00,$0.00,$1108.55,275.0,$-60.62,-275.0,$-64.00,$178.75,0.0
REXR,0.0,$0.00,$0.00,$-0.43,1.0,$-58.38,-1.0,$-57.95,$0.00,0.0
RITM,0.0,$0.00,$0.00,$94.93,1000.0,$-7.97,-1000.0,$-8.06,$0.00,0.0
RMR,0.0,$0.00,$0.00,$137.45,250.0,$-24.00,-250.0,$-24.15,$100.00,0.0
ROAD,0.0,$0.00,$0.00,$509.16,200.0,$-56.77,-200.0,$-55.00,$0.00,0.0
ROOT,0.0,$0.00,$0.00,$2429.08,300.0,$-57.14,-300.0,$-47.00,$0.00,0.0
RQI,0.0,$0.00,$0.00,$432.89,1100.0,$-11.78,-1100.0,$-12.02,$168.00,0.0
RSP,0.0,$0.00,$0.00,$157.60,23.0,$-151.02,-23.0,$-152.47,$0.00,0.0
RTX,0.0,$0.00,$0.00,$1875.10,200.0,$-72.95,-200.0,$-80.50,$59.00,0.0
SAR,0.0,$0.00,$0.00,$107.84,124.0,$-23.38,-124.0,$-24.25,$0.00,0.0
SBOW,0.0,$0.00,$0.00,$-11.34,12.7,$-35.25,-12.7,$-34.36,$0.00,0.0
SCHD,0.0,$0.00,$0.00,$4820.52,1633.0,$-72.99,-1633.0,$-75.43,$936.41,0.0
SCHH,0.0,$0.00,$0.00,$-36.36,0.0,$0.00,0.0,$0.00,$0.00,0.0
SCHW,0.0,$0.00,$0.00,$483.15,270.0,$-52.54,-270.0,$-54.33,$0.00,0.0
SE,0.0,$0.00,$0.00,$1511.69,500.0,$-45.22,-500.0,$-43.70,$0.00,0.0
SLRC,0.0,$0.00,$0.00,$374.92,500.0,$-14.75,-500.0,$-15.09,$204.99,0.0
SLVM,0.0,$0.00,$0.00,$103.86,13.0,$-46.50,-13.0,$-46.85,$0.00,0.0
SOFI,0.0,$0.00,$0.00,$39.98,235.0,$-5.83,-235.0,$-6.00,$0.00,0.0
SPG,0.0,$0.00,$0.00,$50.22,33.0,$-111.00,-33.0,$-112.52,$0.00,0.0
SPH,0.0,$0.00,$0.00,$69.09,400.0,$-15.14,-400.0,$-15.23,$32.50,0.0
SPHD,0.0,$0.00,$0.00,$275.88,200.0,$-42.01,-200.0,$-42.00,$0.00,0.0
SPLG,0.0,$0.00,$0.00,$6.09,3.0,$-56.96,-3.0,$-58.99,$0.00,0.0
SPWH,0.0,$0.00,$0.00,$-600.01,200.0,$-8.00,-200.0,$-5.00,$0.00,0.0
SPXX,0.0,$0.00,$0.00,$30.05,400.0,$-15.00,-400.0,$-14.78,$117.60,0.0
SPY,0.0,$0.00,$0.00,$241.57,45.0,$-410.89,-45.0,$-413.14,$0.00,0.0
SPYD,0.0,$0.00,$0.00,$19.97,100.0,$-36.00,-100.0,$-36.20,$0.00,0.0
SPYI,0.0,$0.00,$0.00,$890.12,750.0,$-49.16,-750.0,$-48.41,$1451.11,0.0
SPYV,0.0,$0.00,$0.00,$12.35,33.0,$-40.63,-33.0,$-41.00,$0.00,0.0
STAG,0.0,$0.00,$0.00,$892.90,480.0,$-33.98,-480.0,$-35.69,$74.11,0.0
STRL,0.0,$0.00,$0.00,$192.49,10.0,$-61.50,-10.0,$-80.75,$0.00,0.0
STWD,0.0,$0.00,$0.00,$2530.99,1221.0,$-16.99,-1221.0,$-18.89,$213.12,0.0
SU,0.0,$0.00,$0.00,$151.01,175.0,$-29.78,-175.0,$-30.56,$14.62,0.0
SVOL,0.0,$0.00,$0.00,$666.67,623.0,$-22.64,-623.0,$-22.39,$436.46,0.0
SXC,0.0,$0.00,$0.00,$54.98,200.0,$-7.81,-200.0,$-8.00,$16.00,0.0
T,0.0,$0.00,$0.00,$902.76,1400.0,$-15.17,-1400.0,$-15.57,$27.75,0.0
TBIL,0.0,$0.00,$0.00,$53.47,213.0,$-49.91,-213.0,$-49.99,$35.88,0.0
TCPC,0.0,$0.00,$0.00,$82.60,1000.0,$-12.11,-1000.0,$-11.25,$677.00,0.0
TDG,0.0,$0.00,$0.00,$469.93,10.0,$-800.00,-10.0,$-846.99,$0.00,0.0
TEX,0.0,$0.00,$0.00,$112.18,33.0,$-54.35,-33.0,$-57.75,$0.00,0.0
TFC,0.0,$0.00,$0.00,$135.95,200.0,$-30.00,-200.0,$-30.68,$0.00,0.0
TGLS,0.0,$0.00,$0.00,$203.22,50.0,$-40.00,-50.0,$-44.06,$0.00,0.0
THQ,0.0,$0.00,$0.00,$349.17,520.0,$-18.92,-520.0,$-18.83,$396.01,0.0
TNK,0.0,$0.00,$0.00,$704.98,107.0,$-40.21,-107.0,$-45.63,$125.00,0.0
TPVG,0.0,$0.00,$0.00,$1007.15,1000.0,$-11.69,-1000.0,$-12.30,$400.00,0.0
TRIN,0.0,$0.00,$0.00,$1949.94,500.0,$-11.63,-500.0,$-15.00,$265.00,0.0
TRMD,0.0,$0.00,$0.00,$2626.62,1045.0,$-26.20,-1045.0,$-28.26,$474.50,0.0
TRNO,0.0,$0.00,$0.00,$-249.04,100.0,$-63.26,-100.0,$-60.77,$0.00,0.0
TROW,0.0,$0.00,$0.00,$507.64,300.0,$-113.91,-300.0,$-114.42,$248.00,0.0
TRTX,0.0,$0.00,$0.00,$1191.00,1250.0,$-6.80,-1250.0,$-7.52,$300.00,0.0
TSCO,0.0,$0.00,$0.00,$24.98,10.0,$-212.50,-10.0,$-215.00,$0.00,0.0
TSLA,0.0,$0.00,$0.00,$305.38,240.0,$-167.55,-240.0,$-168.82,$0.00,0.0
UBER,0.0,$0.00,$0.00,$28.97,100.0,$-31.80,-100.0,$-32.09,$0.00,0.0
UEC,0.0,$0.00,$0.00,$293.32,1000.0,$-5.84,-1000.0,$-6.00,$0.00,0.0
UNG,0.0,$0.00,$0.00,$22.75,0.0,$0.00,0.0,$0.00,$0.00,0.0
UNIT,0.0,$0.00,$0.00,$49.97,1000.0,$-3.40,-1000.0,$-3.45,$0.00,0.0
UNTC,0.0,$0.00,$0.00,$24.96,100.0,$-44.00,-100.0,$-44.25,$0.00,0.0
UPBD,0.0,$0.00,$0.00,$-216.81,500.0,$-34.23,-500.0,$-32.11,$185.00,0.0
URA,0.0,$0.00,$0.00,$358.23,500.0,$-29.18,-500.0,$-28.00,$0.00,0.0
USA,0.0,$0.00,$0.00,$556.86,2010.0,$-6.55,-2010.0,$-6.51,$640.00,0.0
USB,0.0,$0.00,$0.00,$695.93,200.0,$-36.00,-200.0,$-39.00,$96.00,0.0
UTF,0.0,$0.00,$0.00,$390.62,800.0,$-21.34,-800.0,$-21.50,$263.50,0.0
UTG,0.0,$0.00,$0.00,$366.28,433.0,$-27.96,-433.0,$-27.49,$569.81,0.0
V,0.0,$0.00,$0.00,$31.81,6.0,$-227.38,-6.0,$-232.68,$0.00,0.0
VB,0.0,$0.00,$0.00,$764.76,100.0,$-213.33,-100.0,$-215.00,$67.69,0.0
VGR,0.0,$0.00,$0.00,$108.11,100.0,$-12.00,-100.0,$-13.08,$0.00,0.0
VIG,0.0,$0.00,$0.00,$9.55,40.0,$-155.76,-40.0,$-156.00,$0.00,0.0
VNO,0.0,$0.00,$0.00,$63.01,130.0,$-15.20,-130.0,$-15.68,$0.00,0.0
VST,0.0,$0.00,$0.00,$1115.81,200.0,$-72.06,-200.0,$-70.00,$0.00,0.0
VTI,0.0,$0.00,$0.00,$129.30,25.0,$-200.22,-25.0,$-205.39,$0.00,0.0
VTS,0.0,$0.00,$0.00,$1.98,5.0,$-19.50,-5.0,$-19.90,$0.00,0.0
VTWO,0.0,$0.00,$0.00,$3626.44,50.0,$-70.75,-100.0,$-71.64,$0.00,50.0
VUSE,0.0,$0.00,$0.00,$4.99,10.0,$-44.06,-10.0,$-44.56,$0.00,0.0
VV,0.0,$0.00,$0.00,$15.96,20.0,$-187.50,-20.0,$-188.30,$0.00,0.0
VWAPY,0.0,$0.00,$0.00,$-239.42,320.0,$-13.64,-320.0,$-12.29,$193.04,0.0
VZ,0.0,$0.00,$0.00,$532.72,200.0,$-40.00,-200.0,$-41.00,$133.00,0.0
WBD,0.0,$0.00,$0.00,$-39.81,20.0,$-14.99,-20.0,$-13.00,$0.00,0.0
WFC,0.0,$0.00,$0.00,$493.71,104.8,$-37.33,-104.8,$-42.02,$1.67,0.0
WHF,0.0,$0.00,$0.00,$364.58,1360.0,$-13.11,-1360.0,$-12.67,$1019.25,0.0
WMB,0.0,$0.00,$0.00,$108.65,0.0,$0.00,0.0,$0.00,$0.00,0.0
WSR,0.0,$0.00,$0.00,$324.77,450.0,$-8.80,-450.0,$-9.46,$26.00,0.0
WTTR,0.0,$0.00,$0.00,$-0.10,5.0,$-7.48,-5.0,$-7.46,$0.00,0.0
WU,0.0,$0.00,$0.00,$401.80,555.0,$-11.92,-555.0,$-12.50,$78.26,0.0
WY,0.0,$0.00,$0.00,$0.49,2.0,$-29.88,-2.0,$-30.13,$0.00,0.0
XEL,0.0,$0.00,$0.00,$104.99,200.0,$-53.76,-200.0,$-55.73,$0.00,0.0
XLF,0.0,$0.00,$0.00,$11.28,12.0,$-38.14,-12.0,$-39.08,$0.00,0.0
XLP,0.0,$0.00,$0.00,$11.22,50.0,$-75.58,-50.0,$-75.80,$0.00,0.0
XLRE,0.0,$0.00,$0.00,$148.58,200.0,$-38.85,-200.0,$-39.00,$0.00,0.0
XLV,0.0,$0.00,$0.00,$208.64,144.0,$-134.59,-144.0,$-135.45,$0.00,0.0
XMHQ,0.0,$0.00,$0.00,$72.98,25.0,$-80.00,-25.0,$-82.92,$0.00,0.0
XOM,0.0,$0.00,$0.00,$162.40,100.0,$-104.45,-100.0,$-106.07,$0.00,0.0
XYLD,0.0,$0.00,$0.00,$106.45,250.0,$-40.70,-250.0,$-40.75,$93.99,0.0
Y6430L160,0.0,$0.00,$0.00,$0.00,0.0,$0.00,0.0,$0.00,$0.00,0.0
ZS,0.0,$0.00,$0.00,$525.04,37.0,$-103.28,-37.0,$-117.47,$0.00,0.0
